region,med_wage,mean_wage,frac_below,n,kaitz,high_bite
01,507.413798252076,1096.86749453255,0.650611648837759,777,2.02004755000926,0
02,750,1090.48770749866,0.643909573218052,1052,1.36666666666667,0
03,600,1049.75784316217,0.620262302947404,610,1.70833333333333,0
04,950,1269.41429386268,0.554813229874966,1559,1.07894736842105,0
05,500,963.421409256561,0.685979469896406,690,2.05,1
06,500,1099.21528198295,0.646225692889095,813,2.05,0
07,993,1248.89257993749,0.542710874869099,1101,1.03222557905337,0
08,956.34983983801,1204.89488253381,0.56138852228522,743,1.07178352241228,0
09,750,914.004994693183,0.66531230998705,510,1.36666666666667,1
10,500,957.248374554691,0.686502391786014,747,2.05,1
11,400,817.833780166461,0.747899569462525,1617,2.5625,1
12,460,907.639115663064,0.691937717834577,1236,2.22826086956522,1
13,930,1132.14467913353,0.572262583923102,1365,1.10215053763441,0
14,500,937.123961498314,0.70264632830818,1507,2.05,1
15,1000,1409.02538106018,0.539023806715162,4843,1.025,0
16,880,1211.46883573662,0.581300183954867,959,1.16477272727273,0
17,1000,1258.0121077029,0.541422266637682,526,1.025,0
18,1300,1653.85343747201,0.418696143172287,845,0.788461538461538,0
19,930,1132.38663830065,0.559511261439428,626,1.10215053763441,0
20,500,861.481978236541,0.712531733084843,1589,2.05,1
21,593.98648884963,825.917018749392,0.715435795220123,709,1.72562847681117,1
22,400,777.094854884442,0.76521265344177,1127,2.5625,1
23,800,1061.77881014898,0.669884943075809,1165,1.28125,1
24,550,965.099613559965,0.666794781008672,726,1.86363636363636,1
25,367.487086350688,880.942317563375,0.713024345427941,1033,2.78921365694428,1
