region,skill,frac_below,med_wage,n,kaitz
01,High,0.277775058622774,1873.31406544798,263,0.547158652628215
01,Low,0.873151331292984,250,514,4.1
02,High,0.416161117553104,1300,479,0.788461538461538
02,Low,0.804232191711659,360,572,2.84722222222222
03,Low,0.770539733415057,302.037104310171,355,3.39362278797177
03,High,0.44199596197118,1400,255,0.732142857142857
04,Low,0.73262905016978,600,816,1.70833333333333
04,High,0.372258592930734,1300,743,0.788461538461538
05,High,0.393690374767917,1500,308,0.683333333333333
05,Low,0.866830922138871,336.940163248232,382,3.04208317025376
06,High,0.283515541553132,2000,328,0.5125
06,Low,0.870521714397644,250,485,4.1
07,High,0.379989536010259,1311.46396991809,548,0.781569317580275
07,Low,0.683592456896589,930,553,1.10215053763441
08,High,0.394651196205356,1369.40356970516,375,0.748501042845016
08,Low,0.707549164216711,700,368,1.46428571428571
09,High,0.380178664568386,1300,201,0.788461538461538
09,Low,0.807870049647826,434.177123302636,309,2.36078767163774
10,High,0.378694538657327,1300,319,0.788461538461538
10,Low,0.885568363637361,300,427,3.41666666666667
11,High,0.542707920720192,930,764,1.10215053763441
11,Low,0.896049411959889,345,852,2.97101449275362
12,High,0.427655148895564,1200,551,0.854166666666667
12,Low,0.863943678218457,252.920752067103,685,4.05265282355342
13,High,0.371047009908867,1321.41056907666,614,0.77568624316076
13,Low,0.717799933718107,500,751,2.05
14,High,0.428721708992509,1200,619,0.854166666666667
14,Low,0.871032864442383,346.640113114209,888,2.95695726265324
15,Low,0.749694959014177,500,2430,2.05
15,High,0.334424772529736,1500,2410,0.683333333333333
16,Low,0.809558236095163,300,517,3.41666666666667
16,High,0.253885630886753,2100,442,0.488095238095238
17,Low,0.696056655521643,800,292,1.28125
17,High,0.293987423184293,1500,234,0.683333333333333
18,High,0.289601061579767,1756.62208581798,534,0.583506269376492
18,Low,0.611135738204177,900,311,1.13888888888889
19,High,0.37832723528677,1364.93273215634,309,0.750952758221785
19,Low,0.71213128637394,519.512307808829,317,1.97300426687327
20,High,0.443124006634846,1200,641,0.854166666666667
20,Low,0.847754934297119,300,948,3.41666666666667
21,Low,0.817992816302232,350,419,2.92857142857143
21,High,0.544289723643678,949.739564955075,290,1.07924323448448
22,High,0.436106874665374,1200,415,0.854166666666667
22,Low,0.904723475103895,281.54456884251,712,3.64063140771635
23,Low,0.826310922505628,408.159170333371,647,2.51127519482856
23,High,0.457656838859653,1200,518,0.854166666666667
24,High,0.440833492016448,1244.22727118013,344,0.823804479890403
24,Low,0.824097026991399,300,381,3.41666666666667
25,Low,0.857795188280182,280,642,3.66071428571429
25,High,0.400732976529628,1300,391,0.788461538461538
