year,month,quarter,cpi
2018,1,1,88.594648523903
2018,2,1,88.8163305147703
2018,3,1,89.2489764935573
2018,4,2,89.1266401691656
2018,5,2,89.1430886514034
2018,6,2,89.440878461853
2018,7,3,89.7832456102935
2018,8,3,89.9015505324364
2018,9,3,90.0738752726222
2018,10,4,90.1474507938922
2018,11,4,90.2578255325897
2018,12,4,90.4218937443323
2019,1,1,90.4809684380851
2019,2,1,90.595663429072
2019,3,1,91.2547942250017
2019,4,2,91.4373773077339
2019,5,2,91.5723515157514
2019,6,2,91.493350335306
2019,7,3,91.6793898976101
2019,8,3,91.7352934900762
2019,9,3,91.7411489525572
2019,10,4,91.8427297350918
2019,11,4,91.9427558656052
2019,12,4,92.1399925330876
2020,1,1,92.1895712817569
2020,2,1,92.3206390707161
2020,3,1,92.9170303880033
2020,4,2,93.0142055130683
2020,5,2,93.204097335048
2020,6,2,92.9560841633195
2020,7,3,93.3861811793687
2020,8,3,93.2832332195989
2020,9,3,93.4104286127018
2020,10,4,93.4260987274024
2020,11,4,93.9123624949692
2020,12,4,93.9581285619732
2021,1,1,94.6561451002628
2021,2,1,94.5375735473133
2021,3,1,95.3311869507106
2021,4,2,95.2313830125361
2021,5,2,95.4852294275117
2021,6,2,95.9814390796482
2021,7,3,96.948489573628
2021,8,3,97.9033694822447
2021,9,3,98.2953966184284
2021,10,4,98.8691125131803
2021,11,4,99.2232454403164
2021,12,4,100
2022,1,1,100.037268
2022,2,1,100.34884
2022,3,1,101.836672
2022,4,2,102.816232
2022,5,2,103.211072
2022,6,2,104.439931
2022,7,3,105.422597
2022,8,3,106.125283
2022,9,3,106.679849
2022,10,4,107.050724
2022,11,4,107.604861
2022,12,4,108.459162
2023,1,1,108.704764
2023,2,1,109.024924
2023,3,1,110.391537
2023,4,2,111.005592
2023,5,2,111.358436
2023,6,2,111.188314
2023,7,3,111.623134
2023,8,3,112.042985
2023,9,3,112.061363
2023,10,4,111.700024
2023,11,4,111.517885
2023,12,4,111.9704
2024,1,1,111.991911
2024,2,1,112.616278
2024,3,1,113.75301
2024,4,2,113.694232
2024,5,2,113.591104
2024,6,2,113.729392
2024,7,3,113.998099
2024,8,3,114.322048
2024,9,3,114.050464
2024,10,4,113.944279
2024,11,4,114.051561
2024,12,4,114.172077
2025,1,1,114.065534
2025,2,1,114.279991
2025,3,1,115.205841
2025,4,2,115.572272
2025,5,2,115.507003
2025,6,2,115.655637
2025,7,3,115.9233
2025,8,3,115.586828
2025,9,3,115.599718
2025,10,4,115.484549
2025,11,4,115.612485
2025,12,4,115.894705
