date,rmv_soles,year,month,quarter
2021-01-01,930,2021,1,1
2021-02-01,930,2021,2,1
2021-03-01,930,2021,3,1
2021-04-01,930,2021,4,2
2021-05-01,930,2021,5,2
2021-06-01,930,2021,6,2
2021-07-01,930,2021,7,3
2021-08-01,930,2021,8,3
2021-09-01,930,2021,9,3
2021-10-01,930,2021,10,4
2021-11-01,930,2021,11,4
2021-12-01,930,2021,12,4
2022-01-01,930,2022,1,1
2022-02-01,930,2022,2,1
2022-03-01,930,2022,3,1
2022-04-01,930,2022,4,2
2022-05-01,1025,2022,5,2
2022-06-01,1025,2022,6,2
2022-07-01,1025,2022,7,3
2022-08-01,1025,2022,8,3
2022-09-01,1025,2022,9,3
2022-10-01,1025,2022,10,4
2022-11-01,1025,2022,11,4
2022-12-01,1025,2022,12,4
2023-01-01,1025,2023,1,1
2023-02-01,1025,2023,2,1
2023-03-01,1025,2023,3,1
2023-04-01,1025,2023,4,2
2023-05-01,1025,2023,5,2
2023-06-01,1025,2023,6,2
2023-07-01,1025,2023,7,3
2023-08-01,1025,2023,8,3
2023-09-01,1025,2023,9,3
2023-10-01,1025,2023,10,4
2023-11-01,1025,2023,11,4
2023-12-01,1025,2023,12,4
2024-01-01,1025,2024,1,1
2024-02-01,1025,2024,2,1
2024-03-01,1025,2024,3,1
2024-04-01,1025,2024,4,2
2024-05-01,1025,2024,5,2
2024-06-01,1025,2024,6,2
2024-07-01,1025,2024,7,3
2024-08-01,1025,2024,8,3
2024-09-01,1025,2024,9,3
2024-10-01,1025,2024,10,4
2024-11-01,1025,2024,11,4
2024-12-01,1025,2024,12,4
2025-01-01,1130,2025,1,1
2025-02-01,1130,2025,2,1
2025-03-01,1130,2025,3,1
2025-04-01,1130,2025,4,2
2025-05-01,1130,2025,5,2
2025-06-01,1130,2025,6,2
2025-07-01,1130,2025,7,3
2025-08-01,1130,2025,8,3
2025-09-01,1130,2025,9,3
2025-10-01,1130,2025,10,4
2025-11-01,1130,2025,11,4
2025-12-01,1130,2025,12,4
