outcome,label,att,se,p
log_wage_hr,Log real hourly wage,-0.0584612227318259,0.0541969987516371,0.280730370543149
log_ylab,Log real monthly earnings,-0.0336100758263255,0.0538574534876434,0.532590701021955
employed,Employed (working age),0.0204918444523426,0.0405385312736852,0.613214334430223
lfp,Labour force participation,-0.0146143187554244,0.035824877463204,0.683319400755063
formal,Formal employment,0.00910681496709897,0.0271848292558643,0.737627939728127
hours_main,Weekly hours (main job),-0.453146457819206,1.04074843283595,0.663268909582426
ft_main,Full-time (>=35h),-0.00173716948769298,0.0275337312894062,0.949692917497498
self_emp,Self-employed,0.0534669071487901,0.0239149908879278,0.0253709849663876
below_mw,Paid below the MW,0.00284743392526983,0.0237471318867873,0.90455726688986
