outcome,k,est,se
Employment,-5,0.0542992312921721,0.0218894709199224
Employment,-4,0.00279396534598759,0.00910536366893307
Employment,-3,0.00110847684570315,0.0149153891880257
Employment,-2,-0.0126677933049769,0.0143741010718734
Employment,1,-0.02868741244096,0.0156244116711833
Employment,2,-0.020237767306207,0.0170426738764252
Employment,3,0.00321966961685391,0.0115131400677388
Employment,4,-0.0161082480287978,0.0100551784074455
Employment,5,0.016908549218433,0.0133495936829279
Employment,6,-0.0383455029156698,0.0115847612031214
Employment,7,-0.011467667230713,0.0124926739273395
Employment,8,-0.0234729783336664,0.0117755784857393
Formal empl.,-5,0.0191321679103552,0.0142259825999436
Formal empl.,-4,0.0178111485513108,0.0162428648607514
Formal empl.,-3,-0.0147486353191895,0.0307916671105241
Formal empl.,-2,-0.020139762988518,0.0319828096909297
Formal empl.,1,-0.0156683464917552,0.0273235256024967
Formal empl.,2,-0.0432416346280507,0.020680594061507
Formal empl.,3,-0.0417900224689604,0.0141385032928031
Formal empl.,4,-0.0360175456178579,0.0204646453676434
Formal empl.,5,-0.0405684010315832,0.0146856578578528
Formal empl.,6,-0.0155324178057825,0.0148369630817537
Formal empl.,7,-0.071943234115929,0.0282363336345548
Formal empl.,8,-0.064791041820354,0.0172876351168131
Self-employment,-5,-0.0256355923489987,0.0176126077657385
Self-employment,-4,0.0150663062079181,0.0128231383265174
Self-employment,-3,-0.0256813136025496,0.0117844720817893
Self-employment,-2,0.0132374958639454,0.0165148249996913
Self-employment,1,0.0187977753143847,0.00975021419710687
Self-employment,2,0.0191265345861363,0.0133274422464677
Self-employment,3,0.0269368218409151,0.0200099088525133
Self-employment,4,0.016580472398657,0.00878074945844473
Self-employment,5,0.0196254960388357,0.0156362300604037
Self-employment,6,0.0418885099464026,0.0133446895726145
Self-employment,7,0.0502085726398527,0.0129103504693003
Self-employment,8,0.0411501115225154,0.0138013398083129
Log hourly wage,-5,-0.0013695938701296,0.0194005713524733
Log hourly wage,-4,0.0497210674654651,0.0246602635429803
Log hourly wage,-3,0.00441845785936994,0.0317065308638149
Log hourly wage,-2,-0.0132326101864313,0.0398870565771652
Log hourly wage,1,0.00079819387753474,0.0341409319121109
Log hourly wage,2,-0.0233499859937139,0.028269769553701
Log hourly wage,3,-0.00193783546165871,0.0177274067629404
Log hourly wage,4,-0.000275283115107311,0.0208345723345709
Log hourly wage,5,-0.0656204180985543,0.0234577451409058
Log hourly wage,6,-0.000443967983521992,0.0472922664003799
Log hourly wage,7,-0.0218268619332504,0.0275882669487019
Log hourly wage,8,-0.00562010200116787,0.0270608625124813
