cell,frac_aff,frac_below,n_wage
01_Low_Y,0.0684935391597423,0.842478847942441,175
01_Low_O,0.0108811714441697,0.736589508117261,100
01_Low_P,0.03172016683905,0.642420885642476,193
01_High_P,0.0399969083437221,0.445387649230025,31
01_High_Y,0.119858433556895,0.721984739061469,62
01_High_O,0.0655201467715432,0.437901078607662,10
02_High_Y,0.242208797948117,0.74716424713091,84
02_High_P,0.183935888624374,0.525826681817707,153
02_Low_P,0.0912292612055721,0.527110929215243,234
02_Low_Y,0.0246022929419959,0.847559897877807,152
02_Low_O,0.0604523812867312,0.616942317406543,138
02_High_O,0.0308156355077335,0.294850094207124,32
03_Low_Y,0.0415079650935019,0.76251341375098,139
03_High_Y,0.0395603504198672,0.776850680405889,54
03_Low_P,0.0368401381507501,0.539216089663916,110
03_Low_O,0.0383217275583529,0.551234999614086,59
03_High_P,0.175557204791172,0.608139272993062,53
04_Low_P,0.104544653727774,0.510393219573154,357
04_Low_O,0.102659052013824,0.480124486985229,242
04_Low_Y,0.08971137087169,0.685151160238019,163
04_High_P,0.0938993810707015,0.355100685292594,304
04_High_Y,0.148080256069078,0.545155499176792,139
04_High_O,0.235966528239456,0.355334815405574,101
05_High_Y,0.0761649693517112,0.92168541825831,49
05_Low_P,0.0179440718933136,0.55826452440347,148
05_High_P,0.0929764137443384,0.582655118895857,68
05_Low_O,0.0677750490382571,0.802196818693482,61
05_Low_Y,0.0455987531705505,0.875722474686161,146
05_High_O,0,0.401593994721557,13
06_Low_Y,0.0326002689275764,0.776857066567932,168
06_Low_P,0.0808508380553663,0.615015111645474,200
06_Low_O,0.0778120040363414,0.706609085683707,83
06_High_Y,0.108909730396677,0.656483708798764,49
06_High_P,0.102205433582636,0.432279068020426,84
06_High_O,0.00309706872228827,0.18788193299061,19
07_High_O,0.153176655845558,0.312542693974078,74
07_High_Y,0.258987822232962,0.610431320722393,112
07_Low_O,0.150532423816694,0.504008858786416,171
07_Low_P,0.233997148617147,0.481783236438685,258
07_Low_Y,0.179637142343539,0.532771182193348,122
07_High_P,0.169126550268396,0.288987920242563,257
08_High_Y,0.0980573556995585,0.671174992069363,57
08_High_P,0.121736121275863,0.427680580216444,107
08_Low_O,0.0674686780191982,0.669931554777107,72
08_Low_Y,0.141481068820824,0.832917247691352,120
08_Low_P,0.0724337651923416,0.638334191666283,96
08_High_O,0.164660704057396,0.389458532604673,28
09_High_P,0.0529668698573659,0.511929102512228,33
09_Low_Y,0.0360697368916297,0.785392840302569,110
09_Low_P,0.071106901000755,0.537281387776104,96
09_High_Y,0.149198516913227,0.796833545686996,34
09_Low_O,0.109540110359575,0.812778009658429,34
09_High_O,0,0.0428627121312498,8
10_High_P,0.125007039078471,0.562803599693959,77
10_High_Y,0.15383235778404,0.831092958015724,57
10_Low_Y,0.0487319456098238,0.843660725646231,182
10_Low_P,0.0767265077478009,0.787173642661553,149
10_Low_O,0.0660051623831617,0.700686692582922,90
10_High_O,0.597491435536104,0.686304306660137,11
11_High_P,0.086154084125236,0.214262307652834,295
11_Low_O,0.0302978509432772,0.263196212257379,248
11_High_Y,0.100418804999863,0.352257531600653,149
11_Low_P,0.0498917619114621,0.237815901818577,346
11_High_O,0.0507888410704389,0.198817362756986,105
11_Low_Y,0.0835620287057326,0.481943233071557,202
12_High_P,0.124412469013635,0.390788720083421,177
12_High_O,0.117568073786504,0.349810188428102,74
12_Low_O,0.0412607424775343,0.650352337659942,187
12_High_Y,0.133388783586236,0.747483163931374,121
12_Low_P,0.0702210984499672,0.678942149883072,259
12_Low_Y,0.0224907107392476,0.778606744800154,191
13_High_P,0.158125230546271,0.297548015332275,234
13_Low_P,0.119865885355119,0.474999096752535,350
13_Low_Y,0.097079266425801,0.562106173303829,194
13_High_O,0.157251205156853,0.337928655021181,74
13_Low_O,0.110602267310901,0.501185647000862,186
13_High_Y,0.092546420228458,0.491621666974265,110
14_Low_P,0.0677984333894771,0.511157030976782,356
14_High_P,0.123461119373504,0.412807720709216,228
14_High_Y,0.175778212338508,0.552268856202551,127
14_High_O,0.115677263279847,0.560153051714601,80
14_Low_Y,0.0601959285582076,0.657888132217971,230
14_Low_O,0.075416376866536,0.566418205979948,279
15_Low_P,0.181067359357692,0.440358648932439,1124
15_High_P,0.152848693136321,0.259251321440339,1027
15_Low_O,0.183841536411427,0.479778022235047,780
15_High_Y,0.225334150324419,0.536463605568172,393
15_Low_Y,0.232219369332992,0.632080440459615,500
15_High_O,0.114749327540736,0.242653378821767,385
16_Low_Y,0.0400303748773863,0.723175372645163,216
16_Low_O,0.0528552396045152,0.695457230560412,100
16_High_P,0.0595681478289187,0.384563188261099,96
16_High_Y,0.236269804366597,0.67184998798305,44
16_Low_P,0.0815884333608818,0.529171328697825,151
16_High_O,0,0.152226130103308,25
17_Low_P,0.0770858475086915,0.420765812545872,114
17_High_P,0.231068235416867,0.396137577621943,58
17_Low_Y,0.13397553705628,0.705810031315137,88
17_High_Y,0.122944161326795,0.578557348801348,50
17_Low_O,0.161257059319947,0.323486496408721,61
17_High_O,0,0.0351855834260897,8
18_High_P,0.123364448498278,0.291678079822577,190
18_High_O,0.0865623297399056,0.236187451981978,53
18_Low_O,0.0859666644090711,0.465224178949018,90
18_Low_P,0.111126909595081,0.496109165852863,127
18_High_Y,0.0930243596212505,0.399290646169502,72
18_Low_Y,0.116206224076982,0.680688244817344,45
19_High_O,0.0473433649629637,0.401898504330139,26
19_High_Y,0.140232521643523,0.654256855360205,64
19_Low_O,0.0201742446530564,0.499970580621758,67
19_Low_P,0.0441867486754114,0.487258432006751,124
19_High_P,0.0969360775293435,0.390196028471705,73
19_Low_Y,0.0318107060085829,0.771236978566298,108
20_High_Y,0.140563148643235,0.543916105316565,144
20_High_P,0.127999399251993,0.346056969192322,255
20_Low_O,0.0630742751958169,0.572444389752438,242
20_Low_Y,0.0692678383764961,0.63902208833298,263
20_Low_P,0.0715599389974529,0.536570312799701,424
20_High_O,0.130869102671431,0.373102371412246,42
21_Low_P,0.0451535551554504,0.590298838587331,156
21_High_P,0.129775681927202,0.638375593873743,73
21_Low_Y,0.0304158671892224,0.86345680883907,119
21_High_O,0.0396480353985535,0.303476756188763,22
21_High_Y,0.116839970402535,0.672135348575453,77
21_Low_O,0.0579737817448009,0.656261410354082,90
22_High_P,0.171760797080121,0.45273907561795,107
22_High_Y,0.177542023837285,0.746611742026074,104
22_Low_P,0.0834428826374191,0.657808161503218,304
22_Low_O,0.0470857778467963,0.66990012871265,130
22_Low_Y,0.0635114567131984,0.859778823370793,276
22_High_O,0.203796562340882,0.302962573656554,23
23_Low_P,0.111147553815723,0.64947582269895,283
23_Low_O,0.0924823741124269,0.649619805642726,203
23_High_P,0.196133039564787,0.569193779409694,168
23_High_Y,0.315478613287637,0.843444932907445,75
23_Low_Y,0.138040355698437,0.759105710239057,121
23_High_O,0.259900439366523,0.45487646538836,48
24_High_P,0.115134542525015,0.475202095562259,89
24_Low_P,0.0915198297750558,0.595011376906904,148
24_Low_O,0.116477436933377,0.532238488371644,119
24_Low_Y,0.0863716526193224,0.651934276200758,73
24_High_Y,0.178897310521729,0.753796196717822,59
24_High_O,0.0982145183354185,0.236679448766464,27
25_Low_O,0.059814054615885,0.487144654235999,139
25_High_Y,0.163009327591028,0.636478344143963,66
25_Low_Y,0.0911124984579677,0.686024950242676,217
25_High_O,0.112417349231293,0.365177023099549,27
25_High_P,0.112348180658831,0.394114594048007,113
25_Low_P,0.0979736070824066,0.495491103278473,256
03_High_O,0,0,2
