outcome,dim,group,att,se,p,n,pre_mean
Employment,Household role,Head,-0.00271208527621513,0.00624028274800369,0.667728727364442,98297,0.887053286660877
Employment,Household role,Non-head,-0.0377288105089216,0.00795061641865685,7.93379541690964e-05,179767,0.61285205058055
Employment,Ethnicity,Indigenous,-0.00418210166249414,0.0154109768326196,0.788425796463247,98978,0.769992790857211
Employment,Ethnicity,Non-indigenous,-0.0297695206775035,0.00461408740777749,1.13383747768872e-06,178747,0.678059223867906
Formal empl.,Household role,Head,-0.00463733477020455,0.011404171085456,0.687879605630816,79922,0.214817095662118
Formal empl.,Household role,Non-head,-0.0678856152694745,0.00646393369178874,1.87177848763951e-10,101395,0.176203008652466
Formal empl.,Ethnicity,Indigenous,-0.0296291699089063,0.0176837353699508,0.106817285170387,71223,0.120155072471725
Formal empl.,Ethnicity,Non-indigenous,-0.0475134763635479,0.00781850129047404,2.82001830801122e-06,110094,0.234303955059548
Self-employment,Household role,Head,0.0303720299586091,0.00807525592007378,0.000961367717051531,79922,0.515275411891001
Self-employment,Household role,Non-head,0.0391579770126483,0.00840751425781827,9.92104117001045e-05,101395,0.302436982625653
Self-employment,Ethnicity,Indigenous,0.0091676350285364,0.0167407127078161,0.589006534530808,71223,0.430357587109388
Self-employment,Ethnicity,Non-indigenous,0.0446370824301374,0.0076057211608943,4.70765981356971e-06,110094,0.372850605784623
Log hourly wage,Household role,Head,-0.0201951626310673,0.0173846868626019,0.256795189794886,26835,1.82058794184523
Log hourly wage,Household role,Non-head,-0.0186852348374442,0.0143875469874396,0.206384143557444,42699,1.63135899082215
Log hourly wage,Ethnicity,Indigenous,-0.00762717935055271,0.0294115249763907,0.797595033386987,21456,1.59314157991443
Log hourly wage,Ethnicity,Non-indigenous,-0.0261959613306027,0.0127997142996846,0.0517997383509443,48078,1.75217190814314
