outcome,dim,group,est,se,p,n
Employment,Overall,All,-0.0253931118703756,0.00558860543178488,0.000132513519222492,278064
Employment,Gender,Men,-0.0244347062574449,0.0073744708169267,0.00291482363253071,133569
Employment,Gender,Women,-0.0228276665730376,0.00520352442518911,0.000197450165683654,144495
Employment,Age,Youth (14-25),-0.0390870120910387,0.0162760524285756,0.0244292855860603,80863
Employment,Age,Prime (26-45),-0.0279546587379044,0.00572891442183245,5.6419502378021e-05,105610
Employment,Age,Older (46-65),-0.00712632202456663,0.0070718038557566,0.323646540653046,91591
Employment,Area,Urban,-0.0186775286521716,0.005963918902176,0.00452845382760386,189524
Employment,Area,Rural,0.0180770848397619,0.0196200344654034,0.366427340800411,88540
Employment,MW bite,High-bite reg.,-0.00956393542444406,0.0153119316762636,0.544966751836954,116183
Employment,MW bite,Low-bite reg.,-0.0256860278855994,0.00492639571222073,0.000216860537496253,161881
Formal empl.,Overall,All,-0.0464203131026127,0.00739114560313366,1.71636141304727e-06,181317
Formal empl.,Gender,Men,-0.0403210058150526,0.00918456360874979,0.000195888999812049,97600
Formal empl.,Gender,Women,-0.0545296113441533,0.00593993035133983,2.54242804842673e-09,83717
Formal empl.,Age,Youth (14-25),-0.0583289857989337,0.0102008036692802,6.84158656371528e-06,36825
Formal empl.,Age,Prime (26-45),-0.0411898283918247,0.0102065155340191,0.000481509999723868,78300
Formal empl.,Age,Older (46-65),-0.00928878777285052,0.0121991067231028,0.453816725017998,66192
Formal empl.,Area,Urban,-0.0370575388415901,0.00775709645821675,7.31679716927711e-05,113880
Formal empl.,Area,Rural,-0.0722649437599671,0.0110780229329641,1.17564040258176e-06,67437
Formal empl.,MW bite,High-bite reg.,-0.0548349956557789,0.0178175466323379,0.0105165631664495,80376
Formal empl.,MW bite,Low-bite reg.,-0.0363217081120536,0.0047524553008402,5.98323205489997e-06,100941
Self-employment,Overall,All,0.0363027295828681,0.00595296448161064,2.6772596335813e-06,181317
Self-employment,Gender,Men,0.0243582765406605,0.00747692713560085,0.00333811477633803,97600
Self-employment,Gender,Women,0.0501424914711209,0.0120165519275938,0.000340201676353283,83717
Self-employment,Age,Youth (14-25),0.0337159889861257,0.00900462748130993,0.00100276599521639,36825
Self-employment,Age,Prime (26-45),0.0272533525871563,0.0110639189813008,0.0213238072415398,78300
Self-employment,Age,Older (46-65),0.0509876094149495,0.0163075455912822,0.00458466429375921,66192
Self-employment,Area,Urban,0.0324027923319408,0.00626495605574833,2.68960783021989e-05,113880
Self-employment,Area,Rural,0.0308811504527411,0.0197675311295932,0.131892828065505,67437
Self-employment,MW bite,High-bite reg.,0.0500963815346912,0.0184999591183268,0.02036650538667,80376
Self-employment,MW bite,Low-bite reg.,0.0279355608840694,0.0025858445386868,1.54463678996922e-07,100941
Log hourly wage,Overall,All,-0.0206493188814869,0.0122892855700373,0.10587662421903,69534
Log hourly wage,Gender,Men,-0.0239156321244074,0.0166588131629309,0.164018171809399,42662
Log hourly wage,Gender,Women,-0.00825445063661661,0.0160666319686354,0.612115236502526,26872
Log hourly wage,Age,Youth (14-25),0.0130822895152778,0.0143522319201251,0.371088746980659,19875
Log hourly wage,Age,Prime (26-45),-0.035319361565007,0.0171974779169276,0.051049044757325,33205
Log hourly wage,Age,Older (46-65),-0.0110508583394887,0.013048373516183,0.405409053112832,16454
Log hourly wage,Area,Urban,-0.024903787247859,0.0128120626956525,0.0637370977158876,54218
Log hourly wage,Area,Rural,-0.0208576991633358,0.0390859043336341,0.598712357824708,15316
Log hourly wage,MW bite,High-bite reg.,-0.0480049014525172,0.0373704463566692,0.225335792389792,23213
Log hourly wage,MW bite,Low-bite reg.,-0.0173444696660625,0.0124464242475361,0.188732066137635,46321
