lb.V1,ub.V1,method,Delta,Mbar,outcome,lb,ub
-0.0963876034683005,0.0662009212087446,Original,,0,Log hourly wage,,
,,C-LF,DeltaRM,0,Log hourly wage,-0.0954935747913092,0.0639391761646157
,,C-LF,DeltaRM,0.1,Log hourly wage,-0.148637825109951,0.118744184305715
,,C-LF,DeltaRM,0.2,Log hourly wage,-0.208425106718422,0.183513739381559
,,C-LF,DeltaRM,0.3,Log hourly wage,-0.278176935261639,0.251604810102319
,,C-LF,DeltaRM,0.4,Log hourly wage,-0.347928763804857,0.321356638645536
,,C-LF,DeltaRM,0.5,Log hourly wage,-0.416019834525616,0.391108467188753
,,C-LF,DeltaRM,0.75,Log hourly wage,-0.585417132416286,0.570470312014168
,,C-LF,DeltaRM,1,Log hourly wage,-0.754814430306956,0.746510641194668
-0.0373774859528005,0.00616928920021188,Original,,0,Employment,,
,,C-LF,DeltaRM,0,Employment,-0.0371414531032976,0.00556009776995473
,,C-LF,DeltaRM,0.1,Employment,-0.0629403067558875,0.0460376095352251
,,C-LF,DeltaRM,0.2,Employment,-0.10564185762914,0.0936320464460376
,,C-LF,DeltaRM,0.3,Employment,-0.15234667889676,0.141671291178446
,,C-LF,DeltaRM,0.4,Employment,-0.200385923629168,0.189265728089259
,,C-LF,DeltaRM,0.5,Employment,-0.222181506887391,0.222181506887391
,,C-LF,DeltaRM,0.75,Employment,-0.222181506887391,0.222181506887391
,,C-LF,DeltaRM,1,Employment,-0.222181506887391,0.222181506887391
-0.0717113302656233,-0.0144449323489565,Original,,0,Formal empl.,,
,,C-LF,DeltaRM,0,Formal empl.,-0.0710710220595049,-0.0149161404322418
,,C-LF,DeltaRM,0.1,Formal empl.,-0.105582876392927,-0.00438710012712989
,,C-LF,DeltaRM,0.2,Formal empl.,-0.145944197562522,0.0248602340537363
,,C-LF,DeltaRM,0.3,Formal empl.,-0.187475412099352,0.065806501906949
,,C-LF,DeltaRM,0.4,Formal empl.,-0.229006626636183,0.107337716443779
,,C-LF,DeltaRM,0.5,Formal empl.,-0.269367947805778,0.148283984296992
,,C-LF,DeltaRM,0.75,Formal empl.,-0.292180868466854,0.248894813879172
,,C-LF,DeltaRM,1,Formal empl.,-0.292180868466854,0.292180868466854
0.0132407806572709,0.0518247502753643,Original,,0,Self-employment,,
,,C-LF,DeltaRM,0,Self-employment,0.0135969787380371,0.0514320500090968
,,C-LF,DeltaRM,0.1,Self-employment,-0.0151734400409979,0.0821730454168328
,,C-LF,DeltaRM,0.2,Self-employment,-0.053796741963538,0.121190462665113
,,C-LF,DeltaRM,0.3,Self-employment,-0.0939965051890389,0.161784341216354
,,C-LF,DeltaRM,0.4,Self-employment,-0.13498449906602,0.196860605207232
,,C-LF,DeltaRM,0.5,Self-employment,-0.175972492943002,0.196860605207232
,,C-LF,DeltaRM,0.75,Self-employment,-0.196860605207232,0.196860605207232
,,C-LF,DeltaRM,1,Self-employment,-0.196860605207232,0.196860605207232
