outcome,M,lb,ub
Formal empl.,0,-0.0450970100379604,0.0405352325631255
Formal empl.,0.005,-0.185513654271345,0.181609995223277
Formal empl.,0.01,-0.328292958949315,0.31916454013119
Self-employment,0,-0.0240125792816492,0.0668068209621362
Self-employment,0.005,-0.185039998166076,0.184252811582505
Self-employment,0.01,-0.359368411249189,0.266751323412881
Log hourly wage,0,0.010680885351222,0.10884958557481
Log hourly wage,0.005,-0.126911895442012,0.257776106337272
Log hourly wage,0.01,-0.269769107393631,0.4137151288363
