outcome,label,n,ymean,att,se,p,pct_effect,elasticity
log_wage_hr,Log real hourly wage,69534,1.74421436382195,-0.0206493188814869,0.0122892855700373,0.10587662421903,-2.04375816109109,-0.202145963787187
log_ylab,Log real monthly earnings,70691,6.9007121584944,-0.0098603470103514,0.0134142878125602,0.469423610077184,-0.981189317674847,-0.0965276075750191
employed,Employed (working age),278064,0.706975010161307,-0.0253931118703756,0.00558860543178488,0.000132513519222492,,-0.351618086696639
lfp,Labour force participation,278064,0.744327332911445,-0.00789181054211566,0.00439350486062636,0.0850557111811451,,-0.10379394683872
formal,Formal employment,181317,0.228185059918173,-0.0464203131026127,0.00739114560313366,1.71636141304727e-06,,-1.99149950348984
hours_main,Weekly hours (main job),179111,40.6545160624827,0.556233288627361,0.249271678969554,0.0352528662411083,,0.133939145479694
ft_main,Full-time (>=35h),179111,0.641049182523849,-0.0127161179243435,0.00476405999828334,0.0134204941899007,,-0.19418806727992
self_emp,Self-employed,181317,0.38933555351058,0.0363027295828681,0.00595296448161064,2.6772596335813e-06,,0.912797746601997
below_mw,Paid below the MW,70691,0.351826721684983,-0.00564862503986497,0.00737708003461533,0.45132047155091,,-0.157171308406877
