outcome,label,att,se,mde_80,ymean,mde_pct_of_mean
log_wage_hr,Log real hourly wage,-0.0206493188814869,0.0122892855700373,0.0344099995961044,1.74421436382195,
log_ylab,Log real monthly earnings,-0.0098603470103514,0.0134142878125602,0.0375600058751686,6.9007121584944,
employed,Employed (working age),-0.0253931118703756,0.00558860543178488,0.0156480952089977,0.706975010161307,2.2133873169615
lfp,Labour force participation,-0.00789181054211566,0.00439350486062636,0.0123018136097538,0.744327332911445,1.65274242471187
formal,Formal employment,-0.0464203131026127,0.00739114560313366,0.0206952076887742,0.228185059918173,9.06948408287358
hours_main,Weekly hours (main job),0.556233288627361,0.249271678969554,0.697960701114751,40.6545160624827,1.7168097636239
ft_main,Full-time (>=35h),-0.0127161179243435,0.00476405999828334,0.0133393679951934,0.641049182523849,2.08086498803032
self_emp,Self-employed,0.0363027295828681,0.00595296448161064,0.0166683005485098,0.38933555351058,4.28121716555661
below_mw,Paid below the MW,-0.00564862503986497,0.00737708003461533,0.0206558240969229,0.351826721684983,5.87102196160576
