period,destination,high_educ,low_educ
PRE,informal wage job,0.116205696001992,0.150738021370136
PRE,non-employed,0.0862856396443958,0.0621808158047055
PRE,other employed,0.0369622774160079,0.0328385744306739
PRE,self-employment,0.0667975577549845,0.127889256459345
PRE,still formal,0.69374882918262,0.626353331935139
REFORM,informal wage job,0.0818188554701073,0.0810492371674359
REFORM,non-employed,0.0634884354113106,0.0500004253292517
REFORM,other employed,0.0481370019253956,0.0289483446034979
REFORM,self-employment,0.109775728406631,0.123183892710864
REFORM,still formal,0.696779978786555,0.716818100188951
POST,informal wage job,0.0496799923505632,0.10880051840259
POST,non-employed,0.074751857458515,0.062375270611505
POST,other employed,0.0516827269309952,0.0263425926488572
POST,self-employment,0.150068456196918,0.213226450438384
POST,still formal,0.673816967063009,0.589255167898663
