outcome,label,variant,n,n_regions,est,se,p,ri_p
log_wage_hr,Log real hourly wage,baseline,69534,25,0.0173467658056435,0.0117813750735112,0.153909599719781,0.034
log_wage_hr,Log real hourly wage,excl_south_bloc,58758,19,0.00869698040781673,0.0123671130764572,0.49090637644291,0.156
log_wage_hr,Log real hourly wage,post_2022only,31968,25,0.0194065988331667,0.0164092302287021,0.248526819227465,0.088
log_wage_hr,Log real hourly wage,excl_south_AND_2022only,26964,19,0.00812298744908324,0.0138987255324036,0.56617738087018,0.355
employed,Employment,baseline,278064,25,-0.0340526166163503,0.0117876322217193,0.00806889132404019,0
employed,Employment,excl_south_bloc,227998,19,-0.0292280949550651,0.0104291745473885,0.0117726698343024,0
employed,Employment,post_2022only,130908,25,-0.0286780520826305,0.00947439384084479,0.00582098906429748,0.002
employed,Employment,excl_south_AND_2022only,107361,19,-0.0241932594259827,0.00880200517872347,0.0132115254078262,0.007
formal,Formal empl. (cond.),baseline,181317,25,-0.018274791573001,0.00346048151252136,2.04341712002519e-05,0
formal,Formal empl. (cond.),excl_south_bloc,147429,19,-0.0162561592276456,0.0029441813901227,3.0467492801062e-05,0.002
formal,Formal empl. (cond.),post_2022only,86270,25,-0.00611564585380667,0.00371611665337056,0.112858709919295,0.453
formal,Formal empl. (cond.),excl_south_AND_2022only,69972,19,-0.00272549987766103,0.00296328192269264,0.3698619826657,0.877
self_emp,Self-emp. (cond.),baseline,181317,25,0.0100324940473928,0.00400462003874834,0.0194265905688543,0.016
self_emp,Self-emp. (cond.),excl_south_bloc,147429,19,0.00968226758707859,0.00436049759865585,0.0394643374390892,0.06
self_emp,Self-emp. (cond.),post_2022only,86270,25,0.00715696342341052,0.00415951500661725,0.0981886998081631,0.069
self_emp,Self-emp. (cond.),excl_south_AND_2022only,69972,19,0.00795290701937869,0.00567754133404821,0.178287920908498,0.151
formal_u,Formal empl. / pop.,baseline,278064,25,-0.0162293051633422,0.00348448292362801,9.91861886089625e-05,0
formal_u,Formal empl. / pop.,excl_south_bloc,227998,19,-0.0145794487500042,0.00285004264417615,7.23519805594466e-05,0.002
formal_u,Formal empl. / pop.,post_2022only,130908,25,-0.00852913968741458,0.00342838961625704,0.020194822947034,0.069
formal_u,Formal empl. / pop.,excl_south_AND_2022only,107361,19,-0.00576237310291211,0.00270953335285231,0.0475314918515591,0.18
self_u,Self-emp. / pop.,baseline,278064,25,-0.00444510008536068,0.00259569074553587,0.0996987130716251,0.131
self_u,Self-emp. / pop.,excl_south_bloc,227998,19,-0.0031167543092849,0.00277628143126036,0.276343867668749,0.265
self_u,Self-emp. / pop.,post_2022only,130908,25,-0.00514144335620243,0.00342818090496148,0.146717873778374,0.188
self_u,Self-emp. / pop.,excl_south_AND_2022only,107361,19,-0.00302964347313807,0.00365119526676817,0.417539509883861,0.368
