outcome,label,spec,kaitz_est,kaitz_se,kaitz_p,kaitz_ri_p,protest_est,protest_se,protest_p
log_wage_hr,Log real hourly wage,no_control,0.0173467658056435,0.0117813750735112,0.153909599719781,0.034,,,
log_wage_hr,Log real hourly wage,post_x_protest,0.0116497653264737,0.0121991188571449,0.34911466953254,0.074,0.0137070456092283,0.0102291789095636,0.192796887884997
log_wage_hr,Log real hourly wage,crisis_x_protest,0.0153276914748255,0.0123668505406279,0.227174513663051,0.038,0.00597947634129478,0.00828258954421587,0.47731111142963
employed,Employment,no_control,-0.0340526166163503,0.0117876322217193,0.00806889132404019,0.001,,,
employed,Employment,post_x_protest,-0.0272272502762114,0.00873617283115128,0.00469640870471138,0.004,-0.0188570774363461,0.0075212941117357,0.0193432820266135
employed,Employment,crisis_x_protest,-0.0294369202723832,0.00926532343190412,0.00405933744294551,0.001,-0.0156467962051643,0.00583560942949051,0.0130549780792501
formal,Formal empl. (cond.),no_control,-0.018274791573001,0.00346048151252136,2.04341712002519e-05,0.001,,,
formal,Formal empl. (cond.),post_x_protest,-0.0166836100371975,0.00278762110790489,3.53631591565338e-06,0.001,-0.00441735406488448,0.00235108516123139,0.0724628466560004
formal,Formal empl. (cond.),crisis_x_protest,-0.0163304988915524,0.00247370603488773,7.91375421455721e-07,0,-0.00666007192184652,0.00167587853596174,0.000562563004274435
self_emp,Self-emp. (cond.),no_control,0.0100324940473928,0.00400462003874834,0.0194265905688543,0.023,,,
self_emp,Self-emp. (cond.),post_x_protest,0.00825707704406451,0.00359428628709367,0.0306282404126712,0.052,0.00492881883056615,0.00259866904941803,0.0699705674865183
self_emp,Self-emp. (cond.),crisis_x_protest,0.00773172128281534,0.00318327083965759,0.0230055427704789,0.044,0.00788117562449234,0.00230001709747417,0.00220840407326258
formal_u,Formal empl. / pop.,no_control,-0.0162293051633422,0.00348448292362801,9.91861886089625e-05,0,,,
formal_u,Formal empl. / pop.,post_x_protest,-0.0142791276717899,0.00255943813885981,9.67497638459534e-06,0.001,-0.00538793760512977,0.00212622143203149,0.0182160353662106
formal_u,Formal empl. / pop.,crisis_x_protest,-0.0145242686869959,0.00252178236871555,6.1722794690999e-06,0,-0.0057799205752848,0.00138731296437867,0.000345870035495291
