tau,est,se,p
0.1,-0.0308262475497124,0.0180397943498763,0.100392345804698
0.2,-0.0231334230879344,0.018000306558788,0.21099799533561
0.3,-0.0151872731193817,0.00943241412652574,0.12044852771934
0.4,-0.0341416375293675,0.0104331217809748,0.00322130559912561
0.5,-0.0168252862048524,0.0105456576218378,0.1236923954869
0.6,-0.0299768076104737,0.0135594679905141,0.0368301607930465
0.7,-0.0264105870469663,0.0139062518494535,0.0696244244741545
0.8,-0.0363044101797632,0.0198483022243896,0.0798387304954948
0.9,-0.0513766996198082,0.0301761058498348,0.101569158054429
