outcome,drop_type,dropped,est,se,p
Log hourly wage,region,01,-0.0211487202068447,0.0123868003915316,0.101221268475298
Log hourly wage,region,02,-0.0212136344785135,0.0127067464871568,0.108579036458091
Log hourly wage,region,03,-0.0194997327218207,0.0123727070587171,0.128675602359153
Log hourly wage,region,04,-0.0179946552323216,0.0126802252834611,0.16927730656903
Log hourly wage,region,05,-0.0197834820300783,0.0124789605046565,0.126541898651218
Log hourly wage,region,06,-0.0176230712740129,0.0123780384034358,0.167948197212972
Log hourly wage,region,07,-0.0222972608566881,0.0127488144402372,0.0936318939580692
Log hourly wage,region,08,-0.0217087716031756,0.0125801489989016,0.0978252640482735
Log hourly wage,region,09,-0.0212215502191662,0.0123944582891289,0.10031591538986
Log hourly wage,region,10,-0.0208998103851371,0.0124755102060823,0.107426225931242
Log hourly wage,region,11,-0.0200096532908588,0.0126890025688724,0.128468063411705
Log hourly wage,region,12,-0.0267354562379876,0.0113672830839008,0.0276077746579714
Log hourly wage,region,13,-0.0248829408498462,0.0125180184673611,0.0588693077417467
Log hourly wage,region,14,-0.0188369143874116,0.0126855768026522,0.151145922643273
Log hourly wage,region,15,-0.0185975190123423,0.0203846335069634,0.37105910979178
Log hourly wage,region,16,-0.0211639540058132,0.0124658816377293,0.103046457983596
Log hourly wage,region,17,-0.0199662615569128,0.0123431150927042,0.119382059326891
Log hourly wage,region,18,-0.0213907753136358,0.0123413073536085,0.0964366707943871
Log hourly wage,region,19,-0.0200851513772929,0.0123847568186104,0.118483612250928
Log hourly wage,region,20,-0.0268641840068446,0.0115980180882717,0.0298054211825622
Log hourly wage,region,21,-0.0168662455305603,0.0123138979929104,0.184008299634356
Log hourly wage,region,22,-0.016807216216234,0.0120422564090341,0.17613810318222
Log hourly wage,region,23,-0.0208799288490096,0.0124579296560964,0.107274019085447
Log hourly wage,region,24,-0.0208259155433712,0.0123790761897038,0.106030151978544
Log hourly wage,region,25,-0.0182995462370397,0.0122750996373221,0.149605831137954
Log hourly wage,quarter,1,-0.0225062898386777,0.0124260335006063,0.0826419735167461
Log hourly wage,quarter,2,-0.0102201364465176,0.0132814209059851,0.449100603899825
Log hourly wage,quarter,3,-0.0213184589919662,0.0110515728728921,0.0656381738909274
Log hourly wage,quarter,4,-0.0261763313260664,0.0157820499178817,0.110207649557108
Log hourly wage,quarter,5,-0.0227100530736296,0.0133671564133926,0.102258020741728
Log hourly wage,quarter,7,-0.0221372343927704,0.0136008168825833,0.116660045893558
Log hourly wage,quarter,8,-0.0197563269250436,0.012097868342955,0.115512525405034
Log hourly wage,quarter,9,-0.0218413000373216,0.0131076924820716,0.108654524899151
Log hourly wage,quarter,10,-0.0219922880439636,0.0129560441709004,0.102542912232881
Log hourly wage,quarter,11,-0.0150483415794862,0.0130324131717939,0.25958723148929
Log hourly wage,quarter,12,-0.0221396740970032,0.0120223936060561,0.0779361159961517
Log hourly wage,quarter,13,-0.019344522336071,0.0117474311563111,0.112652731031566
Log hourly wage,quarter,14,-0.0210318167988948,0.012002720441157,0.0924991282660429
Log hourly wage,quarter,15,-0.0180510099792953,0.0124211563456628,0.159106704210355
Log hourly wage,quarter,16,-0.0254662560015012,0.0116830729224548,0.0393166213385464
Employment,region,01,-0.0254822826101962,0.00554164693116631,0.000126671265237858
Employment,region,02,-0.0257429069459059,0.00567687956379532,0.000148452383303214
Employment,region,03,-0.0255503699542011,0.00554698169497786,0.000124215616934631
Employment,region,04,-0.0247717557325634,0.00617492343930744,0.000546471381951112
Employment,region,05,-0.0256249136570595,0.00556154056161244,0.0001237996562086
Employment,region,06,-0.0266082367610593,0.00510943170595067,2.79092033866574e-05
Employment,region,07,-0.0261596569286041,0.00573322715017067,0.000138397670154224
Employment,region,08,-0.0246618809299494,0.00580309076784597,0.000302127681935516
Employment,region,09,-0.0248130679935155,0.00562708185348809,0.000202825944983857
Employment,region,10,-0.0247751164487677,0.00563129163900535,0.000207967689947711
Employment,region,11,-0.0245875701718632,0.00595980888784106,0.000411692420788688
Employment,region,12,-0.0246527629163467,0.00595728565642046,0.000398890334073127
Employment,region,13,-0.0242515114824073,0.00618877506726273,0.000688380464637959
Employment,region,14,-0.0276441766899547,0.00485833692768449,8.56826039882211e-06
Employment,region,15,-0.0177531267410913,0.00867530278284935,0.0523134492163274
Employment,region,16,-0.0242886524484894,0.00553945283081806,0.000215830808829578
Employment,region,17,-0.0256322858481188,0.0055467461335154,0.000119667338008143
Employment,region,18,-0.0258108579276797,0.00557009545115305,0.000115942014283598
Employment,region,19,-0.0255890838849998,0.00556168827766624,0.000125842423050573
Employment,region,20,-0.0268211901781738,0.00526114262635978,3.65948502913331e-05
Employment,region,21,-0.0280749693223378,0.00423128880734759,9.06029233401425e-07
Employment,region,22,-0.025071711719941,0.00553898414471592,0.000151551232512421
Employment,region,23,-0.0253483725466962,0.0056906229843482,0.000181365760775247
Employment,region,24,-0.0254722284914286,0.00558679093739144,0.000139593025251943
Employment,region,25,-0.0249645105296311,0.00568407570998746,0.000211913793911724
Employment,quarter,1,-0.0142839827523737,0.00472689183875603,0.00589137041675945
Employment,quarter,2,-0.0269820629008442,0.00610814383477049,0.000182746068562073
Employment,quarter,3,-0.0273401490950435,0.00561151448644937,5.74927003178101e-05
Employment,quarter,4,-0.030846952473917,0.00646688528282089,7.4530167985143e-05
Employment,quarter,5,-0.0278433544578789,0.00671955385761873,0.000366305133746875
Employment,quarter,7,-0.0240431115932632,0.00559644221300509,0.0002487267779267
Employment,quarter,8,-0.0249460427882055,0.0061179001679837,0.000433061339777067
Employment,quarter,9,-0.027606151834226,0.00575892372846071,7.01834282505703e-05
Employment,quarter,10,-0.0253968269147449,0.00526097689605719,6.44131555491472e-05
Employment,quarter,11,-0.0290040013330977,0.00502566063642406,5.99629520741258e-06
Employment,quarter,12,-0.0229974328509433,0.0060645102291221,0.000889431801929306
Employment,quarter,13,-0.0259534053896015,0.00557750881432146,0.000100294437650405
Employment,quarter,14,-0.0255761892261927,0.00546000432082129,9.26770628913069e-05
Employment,quarter,15,-0.0244459826233778,0.00548855417319182,0.000166499713265777
Employment,quarter,16,-0.0236511323673774,0.00618487819969783,0.00082098032326901
Formal empl.,region,01,-0.0462206373718948,0.00751358800499889,2.82457798489117e-06
Formal empl.,region,02,-0.0470805504927088,0.0076663048465274,2.89520548059224e-06
Formal empl.,region,03,-0.046069840747394,0.00751004732523311,2.94249495790312e-06
Formal empl.,region,04,-0.0466657891388456,0.00770033020837074,3.51229934163186e-06
Formal empl.,region,05,-0.0460116154020188,0.00755661997775636,3.2797565561551e-06
Formal empl.,region,06,-0.0428313966120869,0.00658680887882977,1.23384017852219e-06
Formal empl.,region,07,-0.0438553522041914,0.0069688191494944,2.01941195361576e-06
Formal empl.,region,08,-0.0454350586074343,0.0076500260307548,4.69403803572914e-06
Formal empl.,region,09,-0.0461065649503842,0.00747171485997443,2.69842790310092e-06
Formal empl.,region,10,-0.0465497823577431,0.00766646198505507,3.41596205648131e-06
Formal empl.,region,11,-0.04743642169078,0.007652670854311,2.52557717547499e-06
Formal empl.,region,12,-0.0501505786769851,0.00723371419992413,4.56163721657415e-07
Formal empl.,region,13,-0.0482196762144577,0.0077870371370465,2.56410166083207e-06
Formal empl.,region,14,-0.0464415357466335,0.0077245411066372,3.93995196189517e-06
Formal empl.,region,15,-0.0467759353195412,0.0108243950680416,0.000252757565030871
Formal empl.,region,16,-0.0467218307035258,0.00763797081003067,3.06690270289716e-06
Formal empl.,region,17,-0.0463736777954208,0.00744294247593542,2.34157466970158e-06
Formal empl.,region,18,-0.0467882194670181,0.00747772438532481,2.19929975669491e-06
Formal empl.,region,19,-0.046812930591662,0.00749355033342342,2.25156696266576e-06
Formal empl.,region,20,-0.04816283324499,0.00779012735804385,2.62420905299658e-06
Formal empl.,region,21,-0.0430936469691655,0.00685662886984599,2.05855849678942e-06
Formal empl.,region,22,-0.0459069192971113,0.00756307271652826,3.43228824512191e-06
Formal empl.,region,23,-0.0459282069190047,0.0074193099566133,2.57594346676049e-06
Formal empl.,region,24,-0.0466278458602963,0.00749223542469697,2.38115045889591e-06
Formal empl.,region,25,-0.0467928712678063,0.00754332559852661,2.49850102919273e-06
Formal empl.,quarter,1,-0.0419560145356419,0.0082840194450343,3.52861945838897e-05
Formal empl.,quarter,2,-0.0421840550353287,0.00952671490199698,0.000177892259146368
Formal empl.,quarter,3,-0.0499810233748532,0.00658659466577322,7.93654213449967e-08
Formal empl.,quarter,4,-0.0517284397750006,0.00717602387775674,1.89530577127182e-07
Formal empl.,quarter,5,-0.046343794986612,0.00936465408990457,4.73303145487609e-05
Formal empl.,quarter,7,-0.0497471922125322,0.00810923065548021,2.4492451961467e-06
Formal empl.,quarter,8,-0.0467238762978877,0.00720133386691471,1.03882118078011e-06
Formal empl.,quarter,9,-0.0468466421613154,0.00747791100872761,1.78380742682326e-06
Formal empl.,quarter,10,-0.0475576087286654,0.0077033245307189,2.22660877368674e-06
Formal empl.,quarter,11,-0.0469592404573228,0.00733989424976397,1.29184689338609e-06
Formal empl.,quarter,12,-0.049635165209204,0.00745525323749091,6.92095606689457e-07
Formal empl.,quarter,13,-0.043433628051063,0.00781350834091513,1.01763318866158e-05
Formal empl.,quarter,14,-0.0431605397320378,0.00714127051611871,3.05956253535891e-06
Formal empl.,quarter,15,-0.0461286156632453,0.0074316469077832,2.05238549051276e-06
Formal empl.,quarter,16,-0.0439183875568359,0.00703716771135301,1.88989561965097e-06
Self-employment,region,01,0.0365278977909639,0.0060353725112308,3.57950977888206e-06
Self-employment,region,02,0.0351005342741969,0.00599607162725733,5.76366184682276e-06
Self-employment,region,03,0.0365342416346552,0.0060770594407058,3.94351598440608e-06
Self-employment,region,04,0.0368716058734365,0.0062798470415816,5.52563327682622e-06
Self-employment,region,05,0.0360938695199342,0.00605644433418528,4.46984410645133e-06
Self-employment,region,06,0.0316301768339991,0.00393258227104851,3.91093443437577e-08
Self-employment,region,07,0.0367728428349542,0.00611648511300415,3.94107573406439e-06
Self-employment,region,08,0.0352911323523023,0.00609267820937708,6.68694161075814e-06
Self-employment,region,09,0.0373898856305223,0.00600091211514246,2.3407789351263e-06
Self-employment,region,10,0.0357354632978429,0.00607962948055443,5.43998600738117e-06
Self-employment,region,11,0.0357969964765237,0.00611056658404577,5.70434150605696e-06
Self-employment,region,12,0.03772636251644,0.00625485850986123,3.76184796138059e-06
Self-employment,region,13,0.0376272718010027,0.00621733351287756,3.58213821400534e-06
Self-employment,region,14,0.0367459479027846,0.00625189238254111,5.44430535090173e-06
Self-employment,region,15,0.0364537896140622,0.00944220587225213,0.000794512577655755
Self-employment,region,16,0.0369710282321741,0.00606185682897712,3.20207027550793e-06
Self-employment,region,17,0.0364906995420032,0.00598927715202113,3.25048226958295e-06
Self-employment,region,18,0.0365888963750028,0.00600861656723891,3.27592625777175e-06
Self-employment,region,19,0.0364358701673564,0.00600917211952074,3.48601156668645e-06
Self-employment,region,20,0.0366955945968577,0.00627403638174653,5.83527325552805e-06
Self-employment,region,21,0.0348910621009005,0.0060649451000281,7.35714864981261e-06
Self-employment,region,22,0.0378185897685585,0.00595808202971106,1.77621033144186e-06
Self-employment,region,23,0.035655368208285,0.00595296121838448,4.16008150094627e-06
Self-employment,region,24,0.0367523334130076,0.0059882631225088,2.92177622593632e-06
Self-employment,region,25,0.0362708531295654,0.00606281464162351,4.23056978366411e-06
Self-employment,quarter,1,0.0313450213349687,0.00500001142388378,1.7651724260476e-06
Self-employment,quarter,2,0.0410359638144298,0.00665295537075873,2.25707475235292e-06
Self-employment,quarter,3,0.0311405085745668,0.00603825231928919,2.79252249989796e-05
Self-employment,quarter,4,0.040841989528131,0.00728726535366652,9.07685920543225e-06
Self-employment,quarter,5,0.0375210006814625,0.00666521741207289,8.53228138035433e-06
Self-employment,quarter,7,0.0377236757080816,0.0066547609999509,7.73634455541441e-06
Self-employment,quarter,8,0.037557139394226,0.00578754150308389,1.03611890678716e-06
Self-employment,quarter,9,0.0369483511081569,0.00598218828247695,2.21173206527786e-06
Self-employment,quarter,10,0.0380008397247003,0.00595056830789053,1.32897088607012e-06
Self-employment,quarter,11,0.0376009375340439,0.00607008076423886,2.11631178921715e-06
Self-employment,quarter,12,0.0352632639398938,0.00565273675443921,1.90214323360438e-06
Self-employment,quarter,13,0.0340882421912967,0.00610947815884926,9.66149756042003e-06
Self-employment,quarter,14,0.0346381115137843,0.00614520622897786,8.37980162645727e-06
Self-employment,quarter,15,0.0362524653439113,0.00619137008331685,4.86817424317952e-06
Self-employment,quarter,16,0.0346832867194668,0.00592549254569244,4.89339478185159e-06
