outcome,spec,est,se,p,n
Log hourly wage,baseline,-0.0206493188814869,0.0122892855700373,0.10587662421903,69534
Log hourly wage,region_x_quarter_fe,-0.0201013368609453,0.0129168479344498,0.132747661741844,69534
Log hourly wage,excl_lima_callao,-0.0212457233862665,0.0220229976527756,0.345177371139786,53293
Log hourly wage,excl_top8_migration,-0.0514101851464119,0.0316394191217708,0.123721579278675,31738
Employment,baseline,-0.0253931118703756,0.00558860543178488,0.000132513519222492,278064
Employment,region_x_quarter_fe,-0.0153874182057101,0.0061676939791903,0.0198810775639256,278064
Employment,excl_lima_callao,-0.0179104998647298,0.00939824659086978,0.0698360136635351,230606
Employment,excl_top8_migration,-0.0115217728707932,0.013042129760416,0.390086765714963,159137
Formal empl.,baseline,-0.0464203131026127,0.00739114560313366,1.71636141304727e-06,181317
Formal empl.,region_x_quarter_fe,-0.0413189732069432,0.00770444349259227,1.66236905590792e-05,181317
Formal empl.,excl_lima_callao,-0.0420341817193905,0.0102404119038987,0.000467161567371519,152587
Formal empl.,excl_top8_migration,-0.0493053761634995,0.0152563006530551,0.00521694421291225,107006
Self-employment,baseline,0.0363027295828681,0.00595296448161064,2.6772596335813e-06,181317
Self-employment,region_x_quarter_fe,0.0339916674049874,0.00624084044549464,1.34746670473707e-05,181317
Self-employment,excl_lima_callao,0.0367115075301308,0.00999915440601537,0.00133937966407115,152587
Self-employment,excl_top8_migration,0.0451353191305223,0.0158232309269972,0.0115218865388437,107006
