outcome,placebo_reform_t,est,se,p
Log hourly wage,2,0.010465012678741,0.0251803282767794,0.681393230574996
Log hourly wage,3,-0.0263936607519371,0.0134858269035545,0.0620598032988394
Log hourly wage,4,-0.0228757017339254,0.0147408176085154,0.133783677943314
Employment,2,-0.0574785361125856,0.0155017643125105,0.00109847366684837
Employment,3,-0.033554342763811,0.00745243508256307,0.000147182086630263
Employment,4,-0.0259698502456637,0.00841546192346029,0.00505476586635376
Formal empl.,2,-0.0243752795408122,0.0147878713604794,0.112316143032474
Formal empl.,3,-0.0293501831705622,0.0144746373410047,0.053833219623375
Formal empl.,4,-0.0169198253987173,0.00688159780543743,0.0215398862608296
Self-employment,2,0.0265921458421874,0.0142762719234682,0.0747927015672313
Self-employment,3,0.00237812502414819,0.00879844310240659,0.789248427542985
Self-employment,4,0.0187761396508675,0.00936619641135018,0.0564050947191227
