outcome,sector,est,se,p,n
Formal empl.,Other private sectors,-0.0441671580918965,0.0122324243640561,0.00139996384613759,39716
Formal empl.,Covered high-bite sectors,-0.0286534517332326,0.00585070418348982,5.3918346937167e-05,74496
Formal empl.,Agriculture (agrarian regime),-0.0510542302096101,0.0128178835457951,0.000549964533862064,67105
Self-employment,Other private sectors,0.0295858746646145,0.0118149376623323,0.0194752249885595,39716
Self-employment,Covered high-bite sectors,0.0278197664303479,0.00744147066425946,0.00101748558838085,74496
Self-employment,Agriculture (agrarian regime),0.019915791807775,0.012671368328215,0.129108115134862,67105
Log hourly wage,Other private sectors,0.0151045441213649,0.0137606494551019,0.283243147225757,20621
Log hourly wage,Covered high-bite sectors,-0.040340210425274,0.0176164391763717,0.0311162241376082,33134
Log hourly wage,Agriculture (agrarian regime),-0.0602222148209441,0.0498190585755819,0.238507534605009,15779
