reform,outcome,kaitz_control,est,se,p,n
2022,Formal employment,FALSE,0.00334615315925824,0.00639987883150416,0.605874936895697,181317
2022,Formal employment,TRUE,0.00317888494377447,0.00607268857694237,0.605445903361691,181317
2025,Formal employment,FALSE,0.00364190421974975,0.00507234940805399,0.47969393247614,92835
2025,Formal employment,TRUE,0.0103322477900118,0.00781944747397027,0.198843060197244,92835
2022,Self-employment,FALSE,0.000545599067103992,0.00486713453787709,0.911677521763797,181317
2022,Self-employment,TRUE,-0.000577919249329212,0.00505651609915235,0.909957118739821,181317
2025,Self-employment,FALSE,-0.00114643297630195,0.00492877874360949,0.818044332638596,92835
2025,Self-employment,TRUE,0.00297757579237746,0.00594524232879125,0.621050746902528,92835
2022,Employment,FALSE,0.00924364064074428,0.0058448213076704,0.126852021268878,278064
2022,Employment,TRUE,0.00434138336554756,0.00514601770204361,0.40720131072828,278064
2025,Employment,FALSE,0.000632119722377984,0.0042159985000106,0.882069940593637,144233
2025,Employment,TRUE,0.00382801837605872,0.00937341276077406,0.686607448920473,144233
2022,Log hourly wage,FALSE,0.00279416892954141,0.0174180600929121,0.873894469794573,69534
2022,Log hourly wage,TRUE,0.00958485891113516,0.0190816419694008,0.620028745705113,69534
2025,Log hourly wage,FALSE,-0.00903301917653168,0.00855213167727344,0.301379879738484,35879
2025,Log hourly wage,TRUE,-0.0294282954329516,0.0145824690553014,0.0548967109757106,35879
