Variable,Low,High,Difference
Age,35.9234443930711,34.6485952535334,1.2748491395377
Female,0.495861989150878,0.500780030886178,-0.00491804173530019
Urban,0.762441878758025,0.931281892048784,-0.168840013290759
Married,0.529994399944198,0.412622243367287,0.117372156576912
Years of education,8.57336278835316,14.4684030202178,-5.89504023186468
Labour force participation,0.728497764381857,0.799441134431915,-0.0709433700500575
Employed,0.694954457102575,0.734753295728151,-0.0397988386255764
Wage employee,0.271602726469904,0.474629892988742,-0.203027166518837
Self-employed,0.391762546697569,0.243805136195153,0.147957410502416
Formal (if employed),0.129154108513096,0.469269279785067,-0.340115171271971
Informal (if employed),0.870845891486904,0.530730720214933,0.34011517127197
Weekly hours (if employed),39.7367592405507,41.4379330261106,-1.70117378555982
Real hourly wage (S/),3.55613411045794,10.5693649265427,-7.01323081608471
Real monthly earnings (S/),703.888272685789,1667.34229524421,-963.454022558419
Below MW (if employed),0.717793904002542,0.35970420845634,0.358089695546202
